,genre
1571,black metal
7364,reggae
4331,disco
4174,disco
46,anime
6978,rap
4682,edm
726,anime
593,anime
780,anime
5795,jazz
2005,classical
7283,reggae
6152,pop
1176,anime
2057,classical
1697,classical
3078,country
6361,pop
6624,pop
4718,edm
5725,jazz
7582,reggae
1130,anime
2896,country
302,anime
2080,classical
6748,pop
969,anime
5597,jazz
3729,country
1111,anime
4617,edm
2601,country
5850,jazz
4234,disco
4916,edm
214,anime
402,anime
3984,country
5524,jazz
447,anime
7078,rap
2199,classical
2485,classical
6117,pop
3581,country
5188,edm
389,anime
1520,black metal
7166,rap
4299,disco
6641,pop
6370,pop
4054,country
4676,edm
2649,country
269,anime
2089,classical
2977,country
7626,reggae
682,anime
4473,disco
6709,pop
790,anime
1367,black metal
7644,reggae
577,anime
3153,country
4745,edm
1207,black metal
836,anime
160,anime
7033,rap
1661,classical
4433,disco
3868,country
3202,country
3596,country
922,anime
3022,country
2536,classical
5081,edm
7219,reggae
1050,anime
5182,edm
6546,pop
330,anime
2605,country
7629,reggae
3343,country
3927,country
724,anime
272,anime
2646,country
4101,disco
4426,disco
2087,classical
6909,rap
1393,black metal
1583,black metal
5509,jazz
2836,country
4988,edm
6081,jazz
3744,country
5095,edm
1377,black metal
892,anime
2618,country
2636,country
6249,pop
4073,country
1023,anime
4562,edm
248,anime
4585,edm
4214,disco
869,anime
2987,country
717,anime
1817,classical
6856,pop
2219,classical
1908,classical
5987,jazz
4107,disco
4639,edm
47,anime
5848,jazz
7757,reggae
1220,black metal
900,anime
3906,country
6729,pop
5211,edm
2349,classical
2277,classical
3076,country
39,anime
4266,disco
3330,country
2076,classical
1402,black metal
4875,edm
1650,classical
4796,edm
5257,edm
3732,country
1166,anime
6479,pop
5851,jazz
4104,disco
2465,classical
1782,classical
3271,country
6893,rap
2823,country
1854,classical
5686,jazz
409,anime
1165,anime
5378,jazz
4827,edm
6696,pop
795,anime
678,anime
1751,classical
1767,classical
5232,edm
3109,country
7257,reggae
1843,classical
7760,reggae
2418,classical
4270,disco
5051,edm
6882,pop
2307,classical
6698,pop
3748,country
7640,reggae
4457,disco
2151,classical
1084,anime
817,anime
6309,pop
5163,edm
6381,pop
371,anime
5697,jazz
238,anime
4225,disco
2372,classical
3128,country
924,anime
3497,country
5563,jazz
158,anime
7650,reggae
6326,pop
5984,jazz
5735,jazz
5352,jazz
2207,classical
4131,disco
2352,classical
941,anime
2913,country
5808,jazz
6811,pop
4126,disco
105,anime
6887,pop
5833,jazz
4037,country
7372,reggae
3382,country
3479,country
3485,country
2119,classical
1074,anime
6168,pop
6787,pop
5236,edm
1960,classical
6949,rap
5699,jazz
643,anime
7200,rap
3180,country
3588,country
1467,black metal
6673,pop
7276,reggae
1979,classical
5577,jazz
6828,pop
2123,classical
2885,country
1318,black metal
6865,pop
1870,classical
2134,classical
2816,country
4719,edm
2779,country
7138,rap
5250,edm
325,anime
6935,rap
6886,pop
3843,country
6118,pop
5701,jazz
1586,black metal
7292,reggae
1850,classical
534,anime
4970,edm
1339,black metal
5149,edm
59,anime
6001,jazz
6213,pop
7617,reggae
1975,classical
5379,jazz
3303,country
5006,edm
7614,reggae
6677,pop
6353,pop
1427,black metal
7173,rap
5410,jazz
4294,disco
7483,reggae
2770,country
4699,edm
5169,edm
5419,jazz
6488,pop
3799,country
2607,country
3125,country
3551,country
5281,jazz
7501,reggae
6993,rap
5193,edm
3351,country
152,anime
2440,classical
6772,pop
6301,pop
5347,jazz
6086,jazz
1913,classical
267,anime
3815,country
7365,reggae
5570,jazz
177,anime
5386,jazz
1018,anime
6070,jazz
354,anime
4954,edm
3997,country
4679,edm
2285,classical
1156,anime
3824,country
3280,country
7523,reggae
3472,country
4667,edm
3858,country
3038,country
2954,country
2102,classical
7466,reggae
6311,pop
2824,country
2514,classical
1333,black metal
6567,pop
906,anime
4922,edm
1305,black metal
4088,disco
4721,edm
205,anime
1717,classical
3137,country
7319,reggae
7035,rap
832,anime
5268,jazz
4905,edm
2168,classical
6509,pop
1600,black metal
707,anime
1186,anime
752,anime
971,anime
6180,pop
7070,rap
3362,country
2474,classical
4616,edm
920,anime
241,anime
1302,black metal
880,anime
6333,pop
5584,jazz
4955,edm
4180,disco
5005,edm
4408,disco
2615,country
4833,edm
5663,jazz
6950,rap
7659,reggae
1889,classical
249,anime
3505,country
1214,black metal
7633,reggae
3598,country
159,anime
3167,country
1087,anime
366,anime
4570,edm
137,anime
3369,country
5083,edm
2312,classical
5025,edm
5282,jazz
3461,country
5617,jazz
6254,pop
5424,jazz
2527,classical
2559,classical
306,anime
2846,country
6338,pop
5758,jazz
5523,jazz
1211,black metal
1068,anime
1595,black metal
4982,edm
7766,reggae
334,anime
7404,reggae
5954,jazz
6417,pop
3606,country
2371,classical
300,anime
6953,rap
3540,country
636,anime
1476,black metal
7500,reggae
7781,reggae
977,anime
2664,country
1678,classical
162,anime
7515,reggae
4972,edm
2494,classical
7587,reggae
3310,country
6799,pop
2588,classical
4697,edm
4554,edm
590,anime
4413,disco
7116,rap
613,anime
2619,country
1246,black metal
2687,country
4728,edm
382,anime
7453,reggae
3545,country
2431,classical
292,anime
5228,edm
5745,jazz
449,anime
6367,pop
4327,disco
4767,edm
7719,reggae
7436,reggae
5293,jazz
6452,pop
3262,country
56,anime
3399,country
4322,disco
6008,jazz
936,anime
7475,reggae
6239,pop
26,anime
1340,black metal
4843,edm
5000,edm
3072,country
4584,edm
200,anime
3896,country
3254,country
4068,country
5409,jazz
262,anime
5901,jazz
4971,edm
6796,pop
1916,classical
5348,jazz
2327,classical
7010,rap
4370,disco
6919,rap
7089,rap
4421,disco
4541,disco
5896,jazz
6294,pop
1301,black metal
1503,black metal
5977,jazz
1363,black metal
4035,country
5567,jazz
3129,country
6388,pop
2621,country
6942,rap
6627,pop
2433,classical
6300,pop
7556,reggae
3371,country
3685,country
4351,disco
2706,country
1989,classical
5739,jazz
1282,black metal
1852,classical
6615,pop
7683,reggae
6420,pop
4145,disco
3713,country
5912,jazz
4583,edm
6616,pop
2128,classical
6937,rap
4771,edm
4010,country
6660,pop
4353,disco
3166,country
6597,pop
3171,country
6715,pop
5045,edm
1260,black metal
5054,edm
5741,jazz
4197,disco
6189,pop
1203,black metal
6054,jazz
2194,classical
7526,reggae
1695,classical
6491,pop
6137,pop
1407,black metal
1215,black metal
5904,jazz
1855,classical
397,anime
5800,jazz
1200,black metal
3516,country
3573,country
4737,edm
2143,classical
4305,disco
7150,rap
3238,country
3893,country
3514,country
5258,edm
6646,pop
967,anime
7787,reggae
5990,jazz
4239,disco
4084,disco
5516,jazz
1038,anime
5369,jazz
107,anime
1590,black metal
7120,rap
4031,country
5201,edm
3735,country
1844,classical
1581,black metal
1548,black metal
6092,pop
4346,disco
5649,jazz
5146,edm
2561,classical
6804,pop
6280,pop
3870,country
7295,reggae
4780,edm
3918,country
5740,jazz
1569,black metal
101,anime
7132,rap
7300,reggae
5878,jazz
552,anime
7160,rap
4974,edm
2459,classical
3518,country
1872,classical
2776,country
1097,anime
3509,country
725,anime
484,anime
5600,jazz
685,anime
7519,reggae
7106,rap
989,anime
6172,pop
3395,country
3198,country
528,anime
5510,jazz
6448,pop
3312,country
6747,pop
479,anime
3008,country
2234,classical
1194,black metal
184,anime
3156,country
3032,country
7359,reggae
3723,country
664,anime
2047,classical
4729,edm
6383,pop
3315,country
6047,jazz
5789,jazz
4393,disco
2043,classical
7143,rap
3869,country
5569,jazz
2966,country
1047,anime
6671,pop
195,anime
2039,classical
1264,black metal
5900,jazz
4809,edm
2714,country
5291,jazz
1576,black metal
1114,anime
3146,country
5155,edm
5659,jazz
452,anime
5687,jazz
2599,country
5574,jazz
2290,classical
5732,jazz
1158,anime
916,anime
4690,edm
6897,rap
472,anime
5008,edm
2722,country
3208,country
3755,country
3634,country
6752,pop
6121,pop
5807,jazz
3812,country
1723,classical
2612,country
3333,country
2124,classical
4664,edm
4975,edm
305,anime
1058,anime
2050,classical
4999,edm
3214,country
2860,country
6723,pop
3739,country
4980,edm
1546,black metal
1121,anime
796,anime
5627,jazz
5557,jazz
2468,classical
2810,country
3120,country
1263,black metal
2436,classical
6888,pop
5096,edm
172,anime
215,anime
4521,disco
3105,country
2814,country
4961,edm
7133,rap
1993,classical
733,anime
5114,edm
592,anime
8,anime
6577,pop
2464,classical
898,anime
3774,country
4158,disco
1433,black metal
6398,pop
4092,disco
2338,classical
7438,reggae
4852,edm
5994,jazz
757,anime
7452,reggae
3852,country
1756,classical
475,anime
119,anime
4151,disco
5015,edm
4224,disco
5817,jazz
7699,reggae
5515,jazz
2408,classical
3029,country
4820,edm
4867,edm
3651,country
3345,country
6800,pop
6848,pop
559,anime
178,anime
7676,reggae
3512,country
6384,pop
2569,classical
5491,jazz
4741,edm
2036,classical
1662,classical
6938,rap
7311,reggae
3140,country
4122,disco
2571,classical
7260,reggae
6119,pop
3065,country
1564,black metal
2969,country
4810,edm
4595,edm
344,anime
112,anime
7008,rap
3297,country
7097,rap
7076,rap
5463,jazz
7707,reggae
6665,pop
5843,jazz
5030,edm
7148,rap
7296,reggae
2608,country
2946,country
7092,rap
6057,jazz
4429,disco
1601,black metal
5141,edm
2058,classical
2740,country
6472,pop
723,anime
1491,black metal
5492,jazz
204,anime
7179,rap
2906,country
7016,rap
3659,country
5670,jazz
6392,pop
4337,disco
6755,pop
4467,disco
4662,edm
2200,classical
6350,pop
224,anime
2028,classical
766,anime
6829,pop
3696,country
5122,edm
4172,disco
4989,edm
4887,edm
5298,jazz
2178,classical
3244,country
1041,anime
2040,classical
4427,disco
5340,jazz
7,anime
4303,disco
4203,disco
7595,reggae
2504,classical
4947,edm
4349,disco
721,anime
1800,classical
3565,country
7666,reggae
2900,country
3750,country
5256,edm
283,anime
3624,country
5518,jazz
7603,reggae
6820,pop
5993,jazz
3721,country
5392,jazz
6601,pop
6608,pop
6669,pop
6695,pop
2104,classical
4694,edm
3777,country
6705,pop
3611,country
2613,country
3724,country
2192,classical
5411,jazz
2206,classical
5839,jazz
7728,reggae
432,anime
1124,anime
3223,country
131,anime
2321,classical
647,anime
5501,jazz
7539,reggae
3122,country
7600,reggae
4713,edm
2772,country
704,anime
2035,classical
2283,classical
5488,jazz
2038,classical
6583,pop
1276,black metal
1624,black metal
140,anime
76,anime
2205,classical
3430,country
1269,black metal
1680,classical
1944,classical
497,anime
1357,black metal
5147,edm
6717,pop
5714,jazz
4367,disco
7742,reggae
6226,pop
2359,classical
6406,pop
5530,jazz
4695,edm
907,anime
1947,classical
7358,reggae
4021,country
854,anime
3168,country
938,anime
2511,classical
4614,edm
222,anime
5865,jazz
4000,country
5271,jazz
6299,pop
3589,country
6109,pop
7362,reggae
7101,rap
5737,jazz
6739,pop
2713,country
2975,country
1290,black metal
5861,jazz
4359,disco
4884,edm
6375,pop
5047,edm
7127,rap
4939,edm
5330,jazz
5013,edm
2022,classical
4685,edm
6508,pop
5497,jazz
2748,country
5344,jazz
984,anime
4747,edm
529,anime
4523,disco
7353,reggae
4866,edm
6645,pop
2112,classical
5871,jazz
6312,pop
7753,reggae
7507,reggae
4023,country
5433,jazz
4764,edm
684,anime
3179,country
133,anime
4461,disco
3919,country
95,anime
4984,edm
2201,classical
6511,pop
2721,country
4250,disco
2212,classical
7085,rap
4296,disco
6654,pop
6332,pop
609,anime
5218,edm
4934,edm
4390,disco
3839,country
5063,edm
3623,country
3099,country
1893,classical
5050,edm
5472,jazz
608,anime
2563,classical
4859,edm
5610,jazz
3584,country
2092,classical
3781,country
3985,country
3108,country
2308,classical
4588,edm
7170,rap
7598,reggae
390,anime
494,anime
3328,country
4269,disco
542,anime
1289,black metal
7668,reggae
1405,black metal
6390,pop
2522,classical
1341,black metal
6899,rap
7649,reggae
3603,country
4544,disco
2609,country
7355,reggae
1574,black metal
9,anime
5996,jazz
5342,jazz
1355,black metal
436,anime
5331,jazz
108,anime
3203,country
7392,reggae
5080,edm
7222,reggae
5832,jazz
5956,jazz
4723,edm
1088,anime
2890,country
5495,jazz
7246,reggae
5307,jazz
5275,jazz
959,anime
1386,black metal
4775,edm
1597,black metal
3258,country
2429,classical
728,anime
5879,jazz
7135,rap
4493,disco
171,anime
6880,pop
6146,pop
231,anime
4272,disco
4622,edm
2959,country
4134,disco
7277,reggae
1995,classical
2426,classical
4921,edm
3428,country
2579,classical
3117,country
3057,country
5778,jazz
6941,rap
5088,edm
5829,jazz
2452,classical
5244,edm
3808,country
6288,pop
2350,classical
5204,edm
2820,country
4341,disco
4912,edm
410,anime
396,anime
1098,anime
7730,reggae
3145,country
4964,edm
3276,country
3230,country
3218,country
4030,country
7733,reggae
4839,edm
7015,rap
3671,country
3425,country
7416,reggae
5590,jazz
1883,classical
2127,classical
5200,edm
135,anime
3405,country
2437,classical
3733,country
3801,country
2875,country
6141,pop
3278,country
6666,pop
1580,black metal
2361,classical
4404,disco
7188,rap
2723,country
4196,disco
4828,edm
2247,classical
861,anime
5191,edm
5092,edm
3586,country
4091,disco
500,anime
3136,country
2531,classical
386,anime
7352,reggae
349,anime
2417,classical
2821,country
1395,black metal
3974,country
4287,disco
4273,disco
5642,jazz
5406,jazz
6276,pop
5499,jazz
1794,classical
3306,country
2048,classical
5227,edm
5959,jazz
361,anime
6444,pop
5761,jazz
1483,black metal
7433,reggae
4222,disco
2354,classical
4385,disco
4991,edm
6579,pop
5903,jazz
3756,country
6042,jazz
2572,classical
4941,edm
1390,black metal
7108,rap
258,anime
142,anime
2570,classical
2313,classical
3917,country
4262,disco
3835,country
2889,country
5676,jazz
7072,rap
793,anime
4630,edm
288,anime
2534,classical
3023,country
769,anime
6237,pop
3006,country
103,anime
2186,classical
6973,rap
1686,classical
7402,reggae
6607,pop
7014,rap
7171,rap
1677,classical
1286,black metal
1531,black metal
5753,jazz
3820,country
503,anime
2874,country
4707,edm
359,anime
2356,classical
3556,country
1529,black metal
1972,classical
4289,disco
6682,pop
1754,classical
7444,reggae
4306,disco
3660,country
1160,anime
3356,country
2587,classical
2593,classical
6174,pop
6653,pop
6936,rap
6497,pop
5402,jazz
2320,classical
5341,jazz
4485,disco
1607,black metal
6815,pop
2993,country
4736,edm
6322,pop
3424,country
4028,country
5862,jazz
4199,disco
7756,reggae
6198,pop
2343,classical
52,anime
4929,edm
6264,pop
237,anime
5109,edm
951,anime
3323,country
2901,country
4861,edm
4944,edm
3559,country
2598,country
1323,black metal
3686,country
7768,reggae
3650,country
2486,classical
1100,anime
1907,classical
3336,country
2204,classical
3070,country
3361,country
5416,jazz
6163,pop
2667,country
5940,jazz
7046,rap
2279,classical
583,anime
5813,jazz
2879,country
7168,rap
223,anime
5485,jazz
2883,country
1743,classical
5079,edm
3289,country
4542,disco
7381,reggae
5840,jazz
3941,country
2122,classical
2983,country
1513,black metal
2383,classical
3577,country
7236,reggae
4173,disco
4097,disco
4321,disco
1059,anime
3689,country
3629,country
6,anime
4627,edm
595,anime
6349,pop
7689,reggae
6037,jazz
2780,country
3068,country
3113,country
6091,pop
6927,rap
6271,pop
4506,disco
485,anime
7428,reggae
3234,country
3887,country
6688,pop
2745,country
141,anime
6876,pop
6940,rap
260,anime
5780,jazz
2661,country
5461,jazz
3709,country
2258,classical
3465,country
6453,pop
2784,country
1250,black metal
3342,country
584,anime
6323,pop
5626,jazz
3341,country
5619,jazz
4357,disco
1182,anime
5255,edm
1235,black metal
6222,pop
2992,country
665,anime
4508,disco
4050,country
7754,reggae
5445,jazz
2227,classical
7665,reggae
122,anime
1577,black metal
1183,anime
6087,jazz
6036,jazz
2708,country
7485,reggae
1699,classical
6035,jazz
7530,reggae
6043,jazz
1553,black metal
5214,edm
2732,country
7458,reggae
5162,edm
5145,edm
810,anime
4789,edm
5890,jazz
5598,jazz
7115,rap
6067,jazz
5131,edm
5487,jazz
7242,reggae
6188,pop
6642,pop
7042,rap
2191,classical
530,anime
6962,rap
3235,country
7625,reggae
5983,jazz
5628,jazz
385,anime
731,anime
741,anime
5435,jazz
3107,country
2176,classical
3662,country
1391,black metal
4067,country
2097,classical
983,anime
5519,jazz
1197,black metal
5295,jazz
7312,reggae
7023,rap
3726,country
2761,country
3301,country
6697,pop
4540,disco
6319,pop
667,anime
1804,classical
7119,rap
310,anime
304,anime
312,anime
4076,country
6475,pop
3127,country
1762,classical
3391,country
1514,black metal
2240,classical
4607,edm
196,anime
672,anime
2075,classical
7387,reggae
1561,black metal
586,anime
3096,country
4860,edm
1922,classical
5336,jazz
3200,country
3277,country
6192,pop
442,anime
6413,pop
1006,anime
823,anime
445,anime
3884,country
1770,classical
2693,country
839,anime
1095,anime
5011,edm
6470,pop
5666,jazz
6272,pop
3717,country
7641,reggae
3373,country
5443,jazz
863,anime
81,anime
4070,country
5143,edm
6760,pop
6126,pop
5425,jazz
4770,edm
4248,disco
5216,edm
6995,rap
1706,classical
6187,pop
3196,country
1213,black metal
3447,country
1502,black metal
6351,pop
6541,pop
7153,rap
4143,disco
5003,edm
3622,country
2266,classical
4317,disco
6339,pop
2665,country
7615,reggae
63,anime
5743,jazz
638,anime
914,anime
6132,pop
6265,pop
1343,black metal
4788,edm
4395,disco
22,anime
3576,country
462,anime
6259,pop
5108,edm
5553,jazz
5039,edm
6612,pop
669,anime
4746,edm
7651,reggae
5756,jazz
846,anime
822,anime
834,anime
3042,country
6745,pop
2910,country
4424,disco
2147,classical
4739,edm
3473,country
2138,classical
7621,reggae
5571,jazz
2817,country
5432,jazz
2932,country
4020,country
2065,classical
7555,reggae
2530,classical
1413,black metal
5290,jazz
7217,rap
4087,disco
6635,pop
5205,edm
3543,country
496,anime
3996,country
5942,jazz
2553,classical
6929,rap
4399,disco
5016,edm
3672,country
5883,jazz
5793,jazz
963,anime
7293,reggae
589,anime
3279,country
2450,classical
7088,rap
3490,country
7152,rap
7541,reggae
4213,disco
5700,jazz
4928,edm
1256,black metal
4826,edm
4216,disco
2133,classical
987,anime
156,anime
2262,classical
630,anime
5212,edm
5087,edm
1591,black metal
1727,classical
7086,rap
2815,country
4803,edm
5749,jazz
2116,classical
740,anime
7468,reggae
535,anime
5647,jazz
252,anime
4579,edm
6238,pop
6554,pop
4391,disco
2903,country
4487,disco
6049,jazz
2838,country
5202,edm
2098,classical
1617,black metal
3014,country
5534,jazz
42,anime
2381,classical
5528,jazz
2967,country
5872,jazz
679,anime
6140,pop
4997,edm
1815,classical
4110,disco
7197,rap
3693,country
7425,reggae
1917,classical
6115,pop
4738,edm
1376,black metal
5579,jazz
4717,edm
6858,pop
4872,edm
5834,jazz
5426,jazz
110,anime
5644,jazz
3794,country
5393,jazz
6030,jazz
7110,rap
3307,country
1296,black metal
7775,reggae
1010,anime
2171,classical
4292,disco
4186,disco
3216,country
7440,reggae
2751,country
326,anime
4740,edm
3299,country
2547,classical
5317,jazz
1557,black metal
5219,edm
7770,reggae
3311,country
5403,jazz
6076,jazz
1501,black metal
3609,country
1890,classical
2084,classical
463,anime
1057,anime
6805,pop
4757,edm
7325,reggae
3964,country
4185,disco
758,anime
524,anime
3798,country
3116,country
7146,rap
1137,anime
3547,country
2462,classical
4683,edm
6520,pop
2831,country
5607,jazz
1538,black metal
7717,reggae
3730,country
1478,black metal
6431,pop
5220,edm
691,anime
6021,jazz
6843,pop
1353,black metal
550,anime
6320,pop
6611,pop
6045,jazz
7198,rap
321,anime
4456,disco
5504,jazz
6116,pop
4094,disco
6068,jazz
5592,jazz
6010,jazz
420,anime
1645,classical
3757,country
687,anime
842,anime
2024,classical
4568,edm
2778,country
5208,edm
5692,jazz
4678,edm
1980,classical
7446,reggae
923,anime
6988,rap
3857,country
4152,disco
7473,reggae
5976,jazz
6418,pop
2412,classical
2492,classical
489,anime
4242,disco
3334,country
6952,rap
3881,country
7722,reggae
1274,black metal
6416,pop
2229,classical
3831,country
5226,edm
2399,classical
6154,pop
5478,jazz
7487,reggae
7297,reggae
1252,black metal
6770,pop
4742,edm
1131,anime
3842,country
470,anime
2600,country
1558,black metal
229,anime
5134,edm
6177,pop
6591,pop
4111,disco
7512,reggae
5894,jazz
6377,pop
7548,reggae
511,anime
3260,country
337,anime
4008,country
794,anime
17,anime
2626,country
4400,disco
6712,pop
2984,country
965,anime
5561,jazz
1189,black metal
3878,country
2679,country
5482,jazz
6569,pop
3529,country
7199,rap
3401,country
800,anime
6606,pop
5765,jazz
7263,reggae
6438,pop
6704,pop
2963,country
2457,classical
1280,black metal
1385,black metal
3797,country
6918,rap
6247,pop
5672,jazz
3952,country
465,anime
6104,pop
2582,classical
6667,pop
6419,pop
3840,country
7469,reggae
6447,pop
1753,classical
7095,rap
6589,pop
3504,country
6976,rap
1086,anime
6344,pop
5841,jazz
744,anime
4170,disco
6573,pop
1145,anime
4004,country
7471,reggae
3298,country
6408,pop
1457,black metal
1637,black metal
504,anime
864,anime
1429,black metal
6872,pop
2614,country
4748,edm
776,anime
1768,classical
364,anime
5069,edm
4080,disco
89,anime
6221,pop
6261,pop
1143,anime
3379,country
1602,black metal
4693,edm
3902,country
1198,black metal
6242,pop
5715,jazz
6926,rap
1115,anime
523,anime
6908,rap
7412,reggae
3272,country
5183,edm
6713,pop
1875,classical
5062,edm
6310,pop
1952,classical
4494,disco
1599,black metal
982,anime
2904,country
2030,classical
6793,pop
4264,disco
1337,black metal
5951,jazz
5389,jazz
6861,pop
897,anime
1099,anime
1587,black metal
7145,rap
6501,pop
1361,black metal
1615,black metal
5845,jazz
5320,jazz
2519,classical
6134,pop
1568,black metal
7599,reggae
5049,edm
986,anime
6439,pop
1299,black metal
3983,country
1188,anime
6832,pop
6039,jazz
1,anime
4613,edm
3248,country
3960,country
1036,anime
2489,classical
4504,disco
7691,reggae
4641,edm
3946,country
5658,jazz
7269,reggae
6220,pop
342,anime
5711,jazz
4334,disco
4733,edm
2999,country
4886,edm
2639,country
2922,country
4994,edm
6127,pop
4673,edm
1108,anime
384,anime
2806,country
4848,edm
1014,anime
5350,jazz
4184,disco
7744,reggae
7574,reggae
5849,jazz
6955,rap
372,anime
453,anime
457,anime
7066,rap
6912,rap
904,anime
4293,disco
706,anime
3844,country
7474,reggae
553,anime
5089,edm
3934,country
7542,reggae
4340,disco
2818,country
1857,classical
6019,jazz
50,anime
3259,country
2674,country
5678,jazz
873,anime
265,anime
190,anime
3530,country
1448,black metal
2520,classical
7682,reggae
2,anime
2650,country
7564,reggae
3346,country
7034,rap
2190,classical
2449,classical
6336,pop
7680,reggae
4575,edm
1154,anime
6533,pop
230,anime
10,anime
2828,country
6020,jazz
7578,reggae
6099,pop
6228,pop
5338,jazz
4109,disco
7017,rap
1986,classical
2622,country
6792,pop
1829,classical
703,anime
7193,rap
7328,reggae
2788,country
4477,disco
4831,edm
2556,classical
602,anime
2644,country
5475,jazz
2221,classical
3418,country
6290,pop
6240,pop
3628,country
3653,country
6600,pop
4653,edm
7434,reggae
7379,reggae
997,anime
3210,country
1705,classical
6874,pop
4868,edm
3142,country
7410,reggae
5908,jazz
6432,pop
4218,disco
4486,disco
4330,disco
6456,pop
483,anime
3546,country
2263,classical
6587,pop
5229,edm
6743,pop
7385,reggae
7305,reggae
461,anime
646,anime
2859,country
2435,classical
5970,jazz
2140,classical
7082,rap
4720,edm
1449,black metal
6913,rap
2739,country
6401,pop
1162,anime
3495,country
336,anime
6108,pop
218,anime
2003,classical
5192,edm
4407,disco
2309,classical
6722,pop
6556,pop
2249,classical
6372,pop
3602,country
4045,country
2085,classical
2264,classical
4212,disco
2287,classical
7553,reggae
6324,pop
5950,jazz
6944,rap
2833,country
7677,reggae
7552,reggae
4950,edm
5074,edm
4181,disco
4016,country
5513,jazz
2893,country
437,anime
2931,country
7739,reggae
4475,disco
772,anime
7765,reggae
1589,black metal
298,anime
6794,pop
3950,country
6251,pop
5099,edm
5655,jazz
4077,country
1485,black metal
3678,country
1771,classical
2589,classical
266,anime
1275,black metal
748,anime
6493,pop
2801,country
1230,black metal
4320,disco
995,anime
5786,jazz
4164,disco
3413,country
2496,classical
3895,country
3204,country
7616,reggae
1530,black metal
1763,classical
4993,edm
5213,edm
1362,black metal
3001,country
4129,disco
6080,jazz
5242,edm
3595,country
4314,disco
1206,black metal
2480,classical
2148,classical
424,anime
5931,jazz
6676,pop
2965,country
6293,pop
7593,reggae
6348,pop
34,anime
1809,classical
7067,rap
1596,black metal
961,anime
881,anime
6906,rap
5972,jazz
1606,black metal
1396,black metal
7544,reggae
5156,edm
1885,classical
2332,classical
4350,disco
5869,jazz
2736,country
2077,classical
7636,reggae
4141,disco
5325,jazz
911,anime
2252,classical
6410,pop
7107,rap
2789,country
2617,country
2888,country
4290,disco
3526,country
4055,country
6922,rap
4083,disco
2196,classical
5189,edm
3352,country
7310,reggae
6684,pop
3162,country
1191,black metal
3159,country
5391,jazz
6779,pop
2923,country
3422,country
6604,pop
7249,reggae
2973,country
2407,classical
6563,pop
6957,rap
5133,edm
7472,reggae
7450,reggae
7221,reggae
51,anime
3437,country
5103,edm
3850,country
220,anime
1540,black metal
7156,rap
940,anime
2830,country
7791,reggae
5223,edm
5246,edm
588,anime
2826,country
3675,country
2484,classical
6202,pop
1643,classical
5785,jazz
4484,disco
934,anime
6987,rap
1774,classical
3300,country
1011,anime
3977,country
5656,jazz
3674,country
785,anime
1821,classical
1426,black metal
7192,rap
4238,disco
2711,country
4724,edm
4712,edm
2941,country
4146,disco
3600,country
3837,country
7004,rap
6352,pop
3139,country
4909,edm
2079,classical
1109,anime
1626,black metal
2291,classical
870,anime
1322,black metal
6603,pop
1328,black metal
7090,rap
4440,disco
1316,black metal
1824,classical
942,anime
5633,jazz
58,anime
2469,classical
6916,rap
3287,country
1262,black metal
5632,jazz
4139,disco
1635,black metal
65,anime
6032,jazz
3217,country
3813,country
3061,country
3524,country
7388,reggae
1223,black metal
6757,pop
1741,classical
692,anime
3665,country
1192,black metal
6090,pop
1732,classical
7231,reggae
7234,reggae
2549,classical
746,anime
3378,country
6853,pop
4910,edm
7506,reggae
3124,country
3610,country
2056,classical
1415,black metal
3841,country
3889,country
2379,classical
1542,black metal
4732,edm
1955,classical
3639,country
7194,rap
5752,jazz
6896,rap
1500,black metal
2554,classical
7241,reggae
1708,classical
5763,jazz
2657,country
3988,country
6802,pop
1982,classical
4781,edm
440,anime
3164,country
5971,jazz
2347,classical
2574,classical
7645,reggae
5033,edm
1401,black metal
49,anime
3818,country
4597,edm
567,anime
6655,pop
4132,disco
3534,country
5310,jazz
526,anime
4629,edm
438,anime
3302,country
3862,country
7087,rap
2852,country
5818,jazz
4546,disco
4159,disco
4160,disco
1272,black metal
4324,disco
1199,black metal
3366,country
415,anime
5957,jazz
5677,jazz
6285,pop
30,anime
6498,pop
7563,reggae
7420,reggae
2905,country
1221,black metal
3257,country
4649,edm
7623,reggae
1019,anime
5846,jazz
4003,country
4380,disco
6212,pop
6633,pop
5196,edm
5998,jazz
7063,rap
5027,edm
7137,rap
4237,disco
6877,pop
3736,country
4798,edm
259,anime
4472,disco
6455,pop
2072,classical
2088,classical
2911,country
7401,reggae
7347,reggae
3520,country
2023,classical
186,anime
6831,pop
1941,classical
3063,country
1494,black metal
5225,edm
278,anime
2255,classical
5588,jazz
6315,pop
2330,classical
3344,country
7282,reggae
5363,jazz
3894,country
4855,edm
5120,edm
3383,country
6769,pop
2996,country
3163,country
1168,anime
6649,pop
2658,country
1931,classical
5527,jazz
7734,reggae
7397,reggae
5799,jazz
147,anime
6026,jazz
6550,pop
6817,pop
7250,reggae
1536,black metal
6516,pop
6864,pop
6235,pop
4587,edm
2402,classical
6466,pop
1665,classical
2742,country
185,anime
5467,jazz
416,anime
6762,pop
2334,classical
5651,jazz
4082,disco
715,anime
3477,country
4119,disco
4387,disco
5629,jazz
3916,country
2523,classical
4085,disco
5769,jazz
2270,classical
2386,classical
4946,edm
3508,country
1352,black metal
2517,classical
7350,reggae
2968,country
3092,country
2069,classical
82,anime
6553,pop
1831,classical
2315,classical
5431,jazz
5371,jazz
6917,rap
512,anime
4705,edm
246,anime
3740,country
6389,pop
578,anime
1493,black metal
2125,classical
3963,country
818,anime
4358,disco
412,anime
1882,classical
6273,pop
5770,jazz
6690,pop
7287,reggae
3406,country
3550,country
495,anime
2544,classical
113,anime
6304,pop
4656,edm
1656,classical
1334,black metal
7642,reggae
901,anime
988,anime
5542,jazz
5460,jazz
19,anime
1210,black metal
2405,classical
233,anime
2916,country
3976,country
566,anime
6560,pop
7576,reggae
5273,jazz
7030,rap
966,anime
689,anime
7724,reggae
4966,edm
718,anime
7488,reggae
5,anime
4128,disco
7398,reggae
833,anime
3501,country
4325,disco
2345,classical
7711,reggae
1420,black metal
4735,edm
522,anime
2415,classical
7716,reggae
4136,disco
2515,classical
188,anime
6529,pop
1489,black metal
6863,pop
5507,jazz
935,anime
2149,classical
6236,pop
7407,reggae
2550,classical
5375,jazz
2111,classical
4706,edm
3788,country
7470,reggae
1350,black metal
958,anime
7339,reggae
466,anime
4468,disco
5681,jazz
4710,edm
21,anime
2898,country
2341,classical
1152,anime
1554,black metal
5299,jazz
549,anime
4998,edm
4153,disco
7155,rap
2120,classical
937,anime
1241,black metal
3969,country
1880,classical
4956,edm
4563,edm
4177,disco
2167,classical
3523,country
5107,edm
3187,country
250,anime
3553,country
4403,disco
1969,classical
1892,classical
6170,pop
4624,edm
338,anime
2358,classical
6225,pop
6093,pop
4555,edm
3725,country
6847,pop
4462,disco
5329,jazz
3679,country
5943,jazz
4851,edm
953,anime
7769,reggae
6207,pop
2763,country
456,anime
2508,classical
1640,classical
3339,country
4263,disco
3381,country
1891,classical
4398,disco
565,anime
1193,black metal
282,anime
6397,pop
7286,reggae
3928,country
3182,country
5746,jazz
3044,country
1953,classical
6194,pop
3668,country
2697,country
6774,pop
4099,disco
2567,classical
7751,reggae
2565,classical
2157,classical
5691,jazz
3242,country
477,anime
7463,reggae
2210,classical
5327,jazz
4509,disco
945,anime
5302,jazz
1437,black metal
1672,classical
3049,country
4298,disco
7767,reggae
4246,disco
6123,pop
5674,jazz
2106,classical
3776,country
5417,jazz
3094,country
3466,country
5596,jazz
2862,country
4657,edm
4892,edm
1521,black metal
5123,edm
3585,country
5722,jazz
2936,country
6129,pop
1028,anime
2214,classical
3961,country
5580,jazz
2796,country
4432,disco
7000,rap
3710,country
2795,country
5017,edm
7799,reggae
5731,jazz
7212,rap
5121,edm
1259,black metal
5115,edm
5466,jazz
3578,country
3749,country
6920,rap
3050,country
431,anime
7591,reggae
7062,rap
3199,country
1518,black metal
4901,edm
1988,classical
3880,country
3435,country
3130,country
7302,reggae
838,anime
6534,pop
1005,anime
1113,anime
7495,reggae
6503,pop
1718,classical
4626,edm
3090,country
1190,black metal
1867,classical
572,anime
1184,anime
6749,pop
853,anime
3374,country
720,anime
7484,reggae
6281,pop
5314,jazz
467,anime
1397,black metal
6878,pop
1292,black metal
3095,country
4822,edm
3631,country
331,anime
7705,reggae
3370,country
6590,pop
4604,edm
2884,country
7079,rap
3285,country
3052,country
5462,jazz
3803,country
759,anime
629,anime
5636,jazz
7437,reggae
1942,classical
3010,country
5479,jazz
6970,rap
5241,edm
351,anime
7011,rap
2899,country
1075,anime
1849,classical
3469,country
7172,rap
6412,pop
7759,reggae
3571,country
7478,reggae
5113,edm
5991,jazz
3682,country
4024,country
7012,rap
6359,pop
4161,disco
476,anime
7043,rap
825,anime
206,anime
3172,country
7125,rap
6862,pop
6699,pop
5595,jazz
1024,anime
5947,jazz
1978,classical
5470,jazz
403,anime
408,anime
6467,pop
3067,country
6934,rap
5733,jazz
4046,country
7580,reggae
5718,jazz
1049,anime
1509,black metal
6930,rap
5319,jazz
3064,country
505,anime
7537,reggae
1155,anime
3144,country
5576,jazz
7560,reggae
7285,reggae
7237,reggae
7569,reggae
5448,jazz
3197,country
1470,black metal
2243,classical
1360,black metal
3436,country
3900,country
5052,edm
3103,country
1759,classical
944,anime
6664,pop
1331,black metal
1847,classical
5806,jazz
4063,country
6778,pop
2976,country
7565,reggae
621,anime
3071,country
124,anime
7782,reggae
5710,jazz
2375,classical
1046,anime
3135,country
7265,reggae
3134,country
3929,country
1315,black metal
3621,country
2198,classical
4603,edm
4245,disco
7637,reggae
5260,edm
3066,country
6256,pop
2336,classical
1265,black metal
1389,black metal
3785,country
5247,edm
7627,reggae
2528,classical
7723,reggae
6768,pop
7741,reggae
3532,country
1392,black metal
7638,reggae
6124,pop
2197,classical
5437,jazz
7634,reggae
4714,edm
4750,edm
198,anime
3357,country
2482,classical
729,anime
1903,classical
1351,black metal
5742,jazz
2602,country
1632,black metal
5014,edm
4229,disco
3412,country
7169,rap
6701,pop
5948,jazz
48,anime
3414,country
5664,jazz
1773,classical
1733,classical
939,anime
4784,edm
183,anime
7267,reggae
5630,jazz
6767,pop
1930,classical
7408,reggae
6469,pop
2715,country
1627,black metal
4187,disco
7163,rap
2503,classical
3833,country
5717,jazz
5645,jazz
1798,classical
5640,jazz
4612,edm
4274,disco
6335,pop
2082,classical
4840,edm
4227,disco
4894,edm
5272,jazz
5729,jazz
6639,pop
31,anime
5234,edm
7036,rap
4815,edm
4519,disco
4279,disco
3053,country
5802,jazz
3853,country
5130,edm
1431,black metal
2078,classical
3083,country
5251,edm
801,anime
929,anime
4753,edm
3036,country
392,anime
627,anime
2017,classical
1570,black metal
1240,black metal
2411,classical
7254,reggae
7696,reggae
2691,country
5372,jazz
5895,jazz
1244,black metal
492,anime
3028,country
2422,classical
71,anime
1827,classical
4957,edm
6726,pop
7467,reggae
5253,edm
1140,anime
6190,pop
1287,black metal
3599,country
4580,edm
1925,classical
2439,classical
6527,pop
1196,black metal
6738,pop
6519,pop
4285,disco
2323,classical
6500,pop
2454,classical
6342,pop
6426,pop
7661,reggae
1924,classical
7743,reggae
6825,pop
4628,edm
2217,classical
605,anime
6933,rap
5738,jazz
3806,country
0,anime
933,anime
5641,jazz
7442,reggae
7291,reggae
4449,disco
1936,classical
1125,anime
6549,pop
2595,country
7494,reggae
4756,edm
7718,reggae
4838,edm
3942,country
1359,black metal
3549,country
5408,jazz
6203,pop
1884,classical
5066,edm
5855,jazz
97,anime
7073,rap
1408,black metal
1170,anime
4813,edm
7394,reggae
5024,edm
6578,pop
3245,country
6785,pop
1497,black metal
4924,edm
1544,black metal
4730,edm
4969,edm
2741,country
7029,rap
4455,disco
738,anime
5906,jazz
6022,jazz
7725,reggae
1863,classical
1639,classical
7749,reggae
533,anime
3329,country
3703,country
6034,jazz
4133,disco
6791,pop
1734,classical
1959,classical
2935,country
1123,anime
6368,pop
4283,disco
3933,country
6592,pop
875,anime
5152,edm
3687,country
5239,edm
6305,pop
4893,edm
819,anime
4261,disco
1479,black metal
631,anime
6148,pop
2760,country
2728,country
6691,pop
6803,pop
4079,country
2416,classical
6191,pop
2629,country
2385,classical
7154,rap
1819,classical
2625,country
1970,classical
3325,country
4923,edm
2319,classical
5888,jazz
6394,pop
225,anime
5029,edm
1450,black metal
1017,anime
6788,pop
6999,rap
1432,black metal
6530,pop
5337,jazz
2683,country
5821,jazz
3088,country
2841,country
4891,edm
3859,country
7777,reggae
6006,jazz
2857,country
2681,country
4258,disco
7044,rap
1056,anime
6227,pop
2529,classical
5454,jazz
4,anime
1610,black metal
1209,black metal
5377,jazz
6968,rap
2499,classical
5022,edm
4437,disco
1719,classical
5173,edm
5757,jazz
3930,country
1178,anime
2790,country
3970,country
561,anime
1468,black metal
6112,pop
1657,classical
5734,jazz
2597,country
2945,country
3800,country
4507,disco
5613,jazz
2310,classical
950,anime
686,anime
7289,reggae
7384,reggae
5128,edm
6329,pop
648,anime
4602,edm
6974,rap
7229,reggae
2538,classical
3998,country
3664,country
5175,edm
319,anime
2719,country
1304,black metal
2696,country
1865,classical
4514,disco
786,anime
2091,classical
2680,country
4863,edm
1962,classical
2855,country
7731,reggae
5548,jazz
1676,classical
5177,edm
2856,country
3293,country
3822,country
1669,classical
2365,classical
2869,country
2886,country
2447,classical
62,anime
7409,reggae
6245,pop
6211,pop
2942,country
5566,jazz
7245,reggae
736,anime
7568,reggae
3700,country
974,anime
6773,pop
7780,reggae
991,anime
4147,disco
2473,classical
5165,edm
7648,reggae
4601,edm
1838,classical
1421,black metal
4232,disco
3779,country
5262,edm
3126,country
3560,country
4061,country
7367,reggae
4992,edm
1812,classical
6216,pop
3767,country
6523,pop
2284,classical
828,anime
6011,jazz
7208,rap
1271,black metal
2545,classical
6522,pop
2552,classical
3876,country
5021,edm
5921,jazz
6837,pop
345,anime
3359,country
5349,jazz
6891,rap
7383,reggae
7253,reggae
2451,classical
3192,country
6164,pop
5893,jazz
5683,jazz
375,anime
6428,pop
3787,country
6153,pop
1495,black metal
2049,classical
690,anime
3854,country
5306,jazz
2289,classical
4047,country
1085,anime
2620,country
356,anime
6400,pop
1151,anime
3002,country
1216,black metal
1372,black metal
3236,country
6619,pop
2881,country
401,anime
3250,country
4834,edm
5913,jazz
1150,anime
3648,country
2652,country
4620,edm
3389,country
7697,reggae
981,anime
3429,country
7055,rap
879,anime
4528,disco
213,anime
3059,country
4436,disco
2018,classical
6680,pop
4511,disco
1345,black metal
3432,country
4027,country
6298,pop
1504,black metal
7040,rap
5766,jazz
6543,pop
6964,rap
5966,jazz
6328,pop
7309,reggae
6072,jazz
1618,black metal
6029,jazz
699,anime
1710,classical
4782,edm
4832,edm
3119,country
1522,black metal
6186,pop
6056,jazz
4776,edm
5816,jazz
1062,anime
2627,country
1776,classical
7009,rap
713,anime
5719,jazz
620,anime
5471,jazz
3417,country
2403,classical
3699,country
1424,black metal
6364,pop
165,anime
5500,jazz
1451,black metal
5376,jazz
7543,reggae
5790,jazz
5606,jazz
1306,black metal
3247,country
1655,classical
651,anime
1797,classical
829,anime
6823,pop
313,anime
5190,edm
7612,reggae
6206,pop
3175,country
7151,rap
3761,country
299,anime
2746,country
3511,country
6494,pop
4888,edm
3786,country
7274,reggae
634,anime
4688,edm
2083,classical
4618,edm
2406,classical
5455,jazz
3489,country
2684,country
3538,country
4725,edm
7334,reggae
7788,reggae
5276,jazz
6062,jazz
3194,country
4310,disco
1725,classical
2781,country
333,anime
2231,classical
990,anime
7174,rap
3261,country
7099,rap
7039,rap
2344,classical
700,anime
3415,country
116,anime
548,anime
7613,reggae
2443,classical
1729,classical
1458,black metal
153,anime
7209,rap
1314,black metal
6114,pop
3207,country
3965,country
102,anime
7345,reggae
932,anime
4150,disco
6674,pop
3784,country
1410,black metal
4907,edm
3968,country
960,anime
6161,pop
3177,country
4755,edm
4530,disco
5308,jazz
3201,country
3827,country
6136,pop
1507,black metal
5867,jazz
1291,black metal
1442,black metal
640,anime
2791,country
7454,reggae
4207,disco
1284,black metal
626,anime
3957,country
4078,country
2413,classical
1687,classical
2651,country
737,anime
1486,black metal
7366,reggae
2938,country
3233,country
6138,pop
5070,edm
3115,country
3981,country
7075,rap
4318,disco
3499,country
1968,classical
3926,country
674,anime
3637,country
1973,classical
918,anime
6307,pop
2189,classical
6731,pop
1748,classical
6983,rap
2962,country
2044,classical
4904,edm
6782,pop
5665,jazz
1747,classical
564,anime
271,anime
239,anime
295,anime
7021,rap
6105,pop
7748,reggae
1896,classical
7708,reggae
6737,pop
3484,country
315,anime
7575,reggae
75,anime
7048,rap
5546,jazz
751,anime
2864,country
2460,classical
4480,disco
4017,country
1171,anime
6977,rap
4661,edm
4537,disco
5245,edm
2296,classical
5529,jazz
1633,black metal
644,anime
6289,pop
952,anime
7489,reggae
2317,classical
339,anime
4282,disco
6462,pop
3762,country
6746,pop
5203,edm
2304,classical
3836,country
5032,edm
1000,anime
2655,country
6378,pop
243,anime
527,anime
332,anime
7049,rap
90,anime
2144,classical
5158,edm
5287,jazz
4460,disco
6585,pop
5713,jazz
6489,pop
5170,edm
5438,jazz
4510,disco
5997,jazz
3100,country
7414,reggae
6609,pop
660,anime
5535,jazz
5938,jazz
3907,country
7326,reggae
4825,edm
5082,edm
6007,jazz
4783,edm
3132,country
27,anime
1025,anime
4513,disco
3519,country
830,anime
1147,anime
2870,country
2202,classical
6287,pop
7396,reggae
5612,jazz
2164,classical
1487,black metal
1796,classical
2362,classical
6510,pop
2273,classical
5387,jazz
1579,black metal
7797,reggae
4896,edm
3875,country
6657,pop
5716,jazz
5390,jazz
7658,reggae
1696,classical
5316,jazz
4209,disco
7093,rap
7785,reggae
1506,black metal
4060,country
210,anime
3434,country
2260,classical
4552,edm
5605,jazz
4051,country
7102,rap
3377,country
3727,country
1243,black metal
5887,jazz
847,anime
3790,country
7673,reggae
2802,country
193,anime
6636,pop
1268,black metal
893,anime
2868,country
2840,country
3402,country
3923,country
2253,classical
3392,country
1435,black metal
6002,jazz
2498,classical
3580,country
2495,classical
6111,pop
653,anime
7492,reggae
6502,pop
5254,edm
7510,reggae
3031,country
5132,edm
6614,pop
1764,classical
4014,country
143,anime
5915,jazz
5859,jazz
1721,classical
5396,jazz
1658,classical
4734,edm
132,anime
7346,reggae
5941,jazz
4882,edm
2955,country
1974,classical
2682,country
4439,disco
7714,reggae
2592,classical
3632,country
6024,jazz
4388,disco
4573,edm
6980,rap
711,anime
5823,jazz
5981,jazz
2513,classical
6149,pop
4168,disco
264,anime
1021,anime
4722,edm
2238,classical
2333,classical
3314,country
6661,pop
12,anime
5730,jazz
5469,jazz
1279,black metal
6551,pop
2493,classical
6041,jazz
100,anime
5824,jazz
1881,classical
4265,disco
3228,country
6706,pop
5382,jazz
3945,country
7607,reggae
3738,country
912,anime
1992,classical
3267,country
5583,jazz
6610,pop
2653,country
3507,country
1026,anime
1642,classical
1205,black metal
311,anime
695,anime
7400,reggae
7318,reggae
5194,edm
4135,disco
1174,anime
4453,disco
1692,classical
2384,classical
2045,classical
4925,edm
3074,country
1044,anime
3232,country
1929,classical
1799,classical
5339,jazz
7271,reggae
1888,classical
4958,edm
235,anime
5937,jazz
6545,pop
6244,pop
4986,edm
5321,jazz
240,anime
7268,reggae
1707,classical
6892,rap
4918,edm
3922,country
1278,black metal
2839,country
1971,classical
1381,black metal
7745,reggae
1379,black metal
1851,classical
2654,country
6424,pop
7764,reggae
568,anime
5440,jazz
4698,edm
6358,pop
3491,country
242,anime
6536,pop
2671,country
7111,rap
6182,pop
570,anime
2117,classical
2912,country
4889,edm
5791,jazz
327,anime
7589,reggae
6407,pop
6241,pop
2118,classical
3081,country
4204,disco
4619,edm
573,anime
5602,jazz
563,anime
6795,pop
1772,classical
1935,classical
7740,reggae
5388,jazz
6777,pop
2042,classical
4637,edm
3823,country
6253,pop
1505,black metal
4425,disco
7532,reggae
4382,disco
2920,country
6761,pop
6074,jazz
4286,disco
192,anime
352,anime
4529,disco
3826,country
5814,jazz
4118,disco
1956,classical
6733,pop
1543,black metal
362,anime
7322,reggae
5884,jazz
1877,classical
3255,country
1628,black metal
3263,country
7098,rap
2342,classical
400,anime
6990,rap
1859,classical
6866,pop
6355,pop
4978,edm
343,anime
5174,edm
7050,rap
6875,pop
473,anime
1441,black metal
4275,disco
6889,pop
5301,jazz
4933,edm
858,anime
2813,country
3951,country
7493,reggae
859,anime
517,anime
6269,pop
5521,jazz
5464,jazz
2121,classical
4512,disco
6613,pop
4846,edm
6482,pop
5982,jazz
4937,edm
5142,edm
7281,reggae
6128,pop
1900,classical
7695,reggae
2803,country
1921,classical
4125,disco
852,anime
6196,pop
4963,edm
4538,disco
2809,country
6399,pop
5060,edm
4814,edm
1364,black metal
632,anime
1104,anime
3561,country
2311,classical
5680,jazz
53,anime
5493,jazz
6571,pop
874,anime
14,anime
3154,country
3834,country
3592,country
2295,classical
6262,pop
2734,country
1779,classical
3160,country
2521,classical
54,anime
3663,country
460,anime
4267,disco
5926,jazz
3041,country
2584,classical
848,anime
309,anime
434,anime
7429,reggae
2391,classical
5125,edm
1909,classical
2326,classical
641,anime
603,anime
6963,rap
7672,reggae
6721,pop
5520,jazz
6625,pop
2497,classical
2756,country
1492,black metal
6810,pop
3633,country
4811,edm
7123,rap
4312,disco
1366,black metal
4945,edm
6155,pop
4985,edm
7337,reggae
3152,country
1864,classical
1945,classical
661,anime
6965,rap
2302,classical
7796,reggae
841,anime
6821,pop
826,anime
1964,classical
4599,edm
7703,reggae
2774,country
3331,country
6860,pop
6218,pop
3811,country
2765,country
3925,country
399,anime
3502,country
1704,classical
4967,edm
5249,edm
1985,classical
3482,country
2305,classical
6347,pop
1164,anime
4900,edm
742,anime
5037,edm
2142,classical
7259,reggae
7406,reggae
750,anime
1508,black metal
5362,jazz
2037,classical
1777,classical
2678,country
4069,country
7518,reggae
3766,country
3771,country
3572,country
6663,pop
5885,jazz
2387,classical
693,anime
1834,classical
4379,disco
6101,pop
3567,country
20,anime
6991,rap
3684,country
7038,rap
6496,pop
7570,reggae
2677,country
3670,country
7513,reggae
1481,black metal
161,anime
40,anime
7279,reggae
4606,edm
7315,reggae
294,anime
844,anime
2377,classical
1835,classical
395,anime
811,anime
2974,country
4411,disco
2137,classical
6718,pop
4226,disco
6806,pop
4547,disco
688,anime
536,anime
2506,classical
2921,country
5727,jazz
5585,jazz
2220,classical
1905,classical
7341,reggae
6360,pop
1904,classical
7136,rap
1533,black metal
4915,edm
1422,black metal
2800,country
1598,black metal
5385,jazz
6526,pop
7549,reggae
2702,country
5565,jazz
4501,disco
1403,black metal
3810,country
6443,pop
3936,country
6151,pop
3765,country
2952,country
4001,country
1846,classical
4043,country
7427,reggae
5679,jazz
458,anime
3885,country
6210,pop
3176,country
5616,jazz
3714,country
4381,disco
1416,black metal
2280,classical
7144,rap
2668,country
2933,country
211,anime
3253,country
2782,country
506,anime
2892,country
6572,pop
5157,edm
4551,edm
6824,pop
7333,reggae
5830,jazz
4195,disco
6818,pop
2461,classical
5296,jazz
6106,pop
5979,jazz
1460,black metal
2948,country
2370,classical
3594,country
5397,jazz
4441,disco
79,anime
4295,disco
5217,edm
2908,country
3804,country
7550,reggae
3241,country
6178,pop
1039,anime
6296,pop
3003,country
1604,black metal
2215,classical
545,anime
996,anime
6147,pop
6532,pop
6598,pop
1593,black metal
658,anime
3161,country
2029,classical
425,anime
4702,edm
6719,pop
7213,rap
7653,reggae
7441,reggae
4026,country
4435,disco
3737,country
1914,classical
1549,black metal
7024,rap
2061,classical
6544,pop
5012,edm
6071,jazz
5953,jazz
3367,country
1755,classical
7786,reggae
7247,reggae
2241,classical
1400,black metal
7177,rap
7619,reggae
7457,reggae
4691,edm
3448,country
3111,country
2419,classical
1444,black metal
7413,reggae
7405,reggae
4062,country
515,anime
1267,black metal
2378,classical
491,anime
5564,jazz
7190,rap
5974,jazz
2865,country
5457,jazz
5562,jazz
60,anime
2073,classical
6540,pop
6552,pop
671,anime
4230,disco
962,anime
2557,classical
3513,country
994,anime
6175,pop
2267,classical
2466,classical
3708,country
7324,reggae
4254,disco
1792,classical
3445,country
6707,pop
4009,country
6881,pop
4115,disco
5639,jazz
5140,edm
3956,country
1112,anime
7669,reggae
6038,jazz
7762,reggae
4448,disco
3669,country
4175,disco
5540,jazz
3423,country
5559,jazz
1445,black metal
2067,classical
4787,edm
3825,country
7692,reggae
5243,edm
2872,country
6658,pop
5969,jazz
6689,pop
3515,country
6904,rap
173,anime
1185,anime
6437,pop
5044,edm
6385,pop
1683,classical
3355,country
4423,disco
2274,classical
2357,classical
5985,jazz
7715,reggae
1173,anime
5709,jazz
3645,country
3775,country
194,anime
2537,classical
4564,edm
3698,country
4590,edm
5178,edm
5748,jazz
5401,jazz
7605,reggae
1752,classical
2558,classical
2228,classical
3742,country
2939,country
226,anime
4899,edm
805,anime
6644,pop
3407,country
1845,classical
6515,pop
1298,black metal
4503,disco
581,anime
4430,disco
6450,pop
4166,disco
4917,edm
4553,edm
1833,classical
5810,jazz
499,anime
2177,classical
5394,jazz
4960,edm
2187,classical
4871,edm
3987,country
7223,reggae
1324,black metal
7417,reggae
7540,reggae
903,anime
5199,edm
6077,jazz
913,anime
1876,classical
1788,classical
5539,jazz
2876,country
4731,edm
7729,reggae
4392,disco
4052,country
5266,edm
1054,anime
2764,country
6562,pop
6994,rap
6427,pop
6122,pop
3225,country
2502,classical
1795,classical
3924,country
1462,black metal
1698,classical
6915,rap
4183,disco
5058,edm
5116,edm
1646,classical
6711,pop
3266,country
4885,edm
3590,country
4053,country
855,anime
2982,country
3886,country
3903,country
317,anime
3658,country
4671,edm
521,anime
1076,anime
6017,jazz
5550,jazz
6903,rap
6954,rap
1775,classical
2027,classical
7314,reggae
4364,disco
7559,reggae
4189,disco
363,anime
5696,jazz
6033,jazz
2918,country
3649,country
2985,country
3829,country
1625,black metal
4642,edm
2902,country
3867,country
4188,disco
4336,disco
3712,country
7386,reggae
126,anime
2997,country
1539,black metal
1293,black metal
4015,country
5684,jazz
3935,country
6901,rap
7374,reggae
3838,country
4906,edm
3770,country
4259,disco
4818,edm
3051,country
5661,jazz
3486,country
6945,rap
5822,jazz
1419,black metal
1535,black metal
3780,country
5269,jazz
1830,classical
2380,classical
6144,pop
4654,edm
3237,country
7476,reggae
2844,country
4450,disco
6966,rap
5007,edm
3865,country
2726,country
7258,reggae
3574,country
4930,edm
3760,country
7538,reggae
3131,country
6836,pop
5618,jazz
4434,disco
7611,reggae
6145,pop
5820,jazz
1840,classical
4344,disco
2863,country
1555,black metal
4898,edm
1784,classical
5230,edm
3763,country
6373,pop
7248,reggae
6173,pop
2100,classical
3215,country
4029,country
4100,disco
6446,pop
5685,jazz
6317,pop
2351,classical
7299,reggae
1048,anime
104,anime
5077,edm
6052,jazz
5414,jazz
1898,classical
867,anime
513,anime
6850,pop
7338,reggae
4044,country
4496,disco
1029,anime
3462,country
7531,reggae
7321,reggae
2710,country
1083,anime
1139,anime
4754,edm
666,anime
2797,country
5057,edm
170,anime
2237,classical
4355,disco
6855,pop
7632,reggae
6566,pop
6277,pop
6258,pop
915,anime
3178,country
2880,country
1510,black metal
1938,classical
6998,rap
7201,rap
558,anime
7660,reggae
1915,classical
6784,pop
5124,edm
1127,anime
7180,rap
3938,country
7511,reggae
6255,pop
2324,classical
7674,reggae
1309,black metal
6366,pop
4049,country
2775,country
3240,country
7124,rap
7232,reggae
3332,country
6257,pop
5210,edm
3636,country
7706,reggae
2994,country
3848,country
3544,country
6528,pop
4951,edm
2842,country
681,anime
6441,pop
5483,jazz
1034,anime
7320,reggae
4057,country
4374,disco
1093,anime
2398,classical
1141,anime
831,anime
413,anime
597,anime
3286,country
7091,rap
5999,jazz
4233,disco
3455,country
7508,reggae
3616,country
38,anime
1712,classical
316,anime
3018,country
7301,reggae
120,anime
5309,jazz
6807,pop
1126,anime
5283,jazz
6204,pop
1918,classical
2640,country
4319,disco
2709,country
2146,classical
78,anime
6461,pop
5827,jazz
3773,country
4593,edm
6868,pop
2635,country
4805,edm
6282,pop
7025,rap
5480,jazz
1994,classical
2170,classical
2505,classical
2224,classical
5094,edm
7798,reggae
2919,country
2738,country
4869,edm
1425,black metal
6765,pop
3747,country
13,anime
1251,black metal
3851,country
1456,black metal
474,anime
281,anime
15,anime
6750,pop
3376,country
1167,anime
1013,anime
4686,edm
7112,rap
4228,disco
968,anime
6306,pop
7497,reggae
202,anime
4711,edm
3715,country
6979,rap
4108,disco
419,anime
2094,classical
2835,country
2573,classical
6599,pop
7772,reggae
270,anime
3363,country
7456,reggae
557,anime
760,anime
902,anime
2208,classical
1652,classical
5646,jazz
1758,classical
1217,black metal
2242,classical
7382,reggae
2428,classical
7712,reggae
1997,classical
2753,country
4931,edm
5925,jazz
7418,reggae
7134,rap
3879,country
3269,country
5831,jazz
5064,edm
2628,country
96,anime
3500,country
7635,reggae
7761,reggae
2576,classical
482,anime
5101,edm
3535,country
1582,black metal
263,anime
7069,rap
7547,reggae
318,anime
4220,disco
4726,edm
5366,jazz
1255,black metal
439,anime
4672,edm
5853,jazz
6078,jazz
2686,country
1436,black metal
2103,classical
7516,reggae
1693,classical
1713,classical
7424,reggae
2749,country
3944,country
7084,rap
1297,black metal
3089,country
3521,country
127,anime
4684,edm
7609,reggae
5809,jazz
4465,disco
1195,black metal
5847,jazz
4345,disco
6580,pop
4526,disco
5368,jazz
1101,anime
6014,jazz
5673,jazz
3442,country
5631,jazz
7290,reggae
6617,pop
2348,classical
2539,classical
3390,country
493,anime
37,anime
2606,country
6468,pop
2940,country
2643,country
905,anime
6561,pop
167,anime
7001,rap
3691,country
3583,country
1283,black metal
5876,jazz
7128,rap
5854,jazz
1368,black metal
4291,disco
3795,country
5826,jazz
5233,edm
7391,reggae
7202,rap
2107,classical
1806,classical
3949,country
346,anime
5689,jazz
5693,jazz
1902,classical
754,anime
5356,jazz
7432,reggae
4646,edm
4368,disco
7065,rap
4348,disco
5989,jazz
4315,disco
3338,country
1666,classical
7577,reggae
7481,reggae
6907,rap
2442,classical
3555,country
5736,jazz
7122,rap
3147,country
4778,edm
3612,country
3681,country
4492,disco
5916,jazz
1443,black metal
1663,classical
1818,classical
3027,country
722,anime
3656,country
571,anime
683,anime
4856,edm
3457,country
3947,country
2105,classical
3899,country
4658,edm
2632,country
1709,classical
3,anime
1869,classical
2488,classical
4674,edm
650,anime
2594,country
6167,pop
1488,black metal
2735,country
5622,jazz
4890,edm
2397,classical
1138,anime
5164,edm
1051,anime
4326,disco
7567,reggae
3753,country
3657,country
1679,classical
2578,classical
5842,jazz
369,anime
2096,classical
4443,disco
1861,classical
7654,reggae
7083,rap
6678,pop
3098,country
6594,pop
878,anime
1578,black metal
856,anime
612,anime
5404,jazz
6458,pop
712,anime
4802,edm
2355,classical
5056,edm
5486,jazz
6480,pop
407,anime
6440,pop
70,anime
7304,reggae
6457,pop
2013,classical
6885,pop
4271,disco
6947,rap
5625,jazz
417,anime
614,anime
5097,edm
7737,reggae
5252,edm
5568,jazz
3055,country
2729,country
3789,country
2989,country
1399,black metal
4223,disco
5481,jazz
6314,pop
1327,black metal
3416,country
7455,reggae
6539,pop
866,anime
150,anime
7758,reggae
77,anime
3150,country
6159,pop
4850,edm
6066,jazz
5292,jazz
7026,rap
4416,disco
4977,edm
2269,classical
2156,classical
163,anime
642,anime
680,anime
4610,edm
2767,country
4442,disco
4696,edm
3705,country
6055,jazz
3186,country
3527,country
2251,classical
5423,jazz
6464,pop
5538,jazz
3353,country
4182,disco
5653,jazz
2434,classical
5323,jazz
5844,jazz
6675,pop
5543,jazz
1052,anime
5118,edm
2812,country
1237,black metal
6780,pop
3493,country
3677,country
7006,rap
1335,black metal
5289,jazz
301,anime
4231,disco
628,anime
6028,jazz
2339,classical
3060,country
6809,pop
261,anime
546,anime
4215,disco
3085,country
7480,reggae
4121,disco
5001,edm
3419,country
3270,country
4165,disco
1981,classical
1943,classical
7581,reggae
6430,pop
2230,classical
5313,jazz
6334,pop
7351,reggae
3030,country
5532,jazz
4276,disco
406,anime
2642,country
2787,country
6125,pop
5278,jazz
6061,jazz
1032,anime
2213,classical
4490,disco
6477,pop
7027,rap
3845,country
2369,classical
3722,country
4655,edm
5129,edm
6232,pop
4329,disco
3615,country
4949,edm
7670,reggae
5102,edm
280,anime
7214,rap
3533,country
7586,reggae
6981,rap
5453,jazz
2843,country
7007,rap
4829,edm
3229,country
3832,country
5703,jazz
4927,edm
5137,edm
4572,edm
7646,reggae
4635,edm
2393,classical
308,anime
4162,disco
5720,jazz
1801,classical
3077,country
5986,jazz
2733,country
5694,jazz
1092,anime
1332,black metal
2063,classical
2581,classical
1608,black metal
2915,country
6380,pop
5537,jazz
7415,reggae
2533,classical
360,anime
1853,classical
1977,classical
5490,jazz
1053,anime
677,anime
3047,country
4086,disco
5061,edm
4384,disco
490,anime
6113,pop
7331,reggae
5019,edm
5777,jazz
7057,rap
851,anime
2276,classical
4221,disco
4804,edm
3438,country
2957,country
5364,jazz
6838,pop
7239,reggae
837,anime
3647,country
4401,disco
926,anime
1406,black metal
5353,jazz
2551,classical
1253,black metal
4497,disco
519,anime
5744,jazz
4598,edm
2182,classical
1567,black metal
7210,rap
7343,reggae
6396,pop
2877,country
877,anime
6547,pop
355,anime
1358,black metal
5779,jazz
7498,reggae
5279,jazz
1556,black metal
5067,edm
3317,country
4412,disco
7710,reggae
610,anime
6513,pop
1616,black metal
7566,reggae
182,anime
7534,reggae
1398,black metal
1096,anime
5345,jazz
4072,country
4171,disco
3667,country
92,anime
3347,country
2925,country
1008,anime
7175,rap
5728,jazz
328,anime
3978,country
3024,country
3034,country
253,anime
4806,edm
7594,reggae
109,anime
4179,disco
5552,jazz
4881,edm
1330,black metal
2737,country
2673,country
2328,classical
1720,classical
7018,rap
435,anime
2980,country
604,anime
1802,classical
709,anime
2364,classical
5578,jazz
5858,jazz
5086,edm
947,anime
6622,pop
890,anime
6727,pop
3075,country
985,anime
2827,country
348,anime
6133,pop
379,anime
4006,country
157,anime
2672,country
303,anime
6451,pop
4040,country
4578,edm
4640,edm
7606,reggae
5698,jazz
2867,country
5072,edm
6873,pop
367,anime
3004,country
3525,country
6975,rap
55,anime
808,anime
3143,country
179,anime
7435,reggae
7252,reggae
2799,country
5637,jazz
3719,country
4123,disco
2081,classical
2250,classical
3792,country
2777,country
6740,pop
1912,classical
1739,classical
6004,jazz
4561,edm
6517,pop
3350,country
6670,pop
7726,reggae
3741,country
2500,classical
145,anime
2173,classical
411,anime
7610,reggae
3190,country
1072,anime
1649,classical
1142,anime
6620,pop
2337,classical
4074,country
4256,disco
4692,edm
587,anime
2014,classical
6268,pop
1002,anime
2694,country
4038,country
1031,anime
4386,disco
762,anime
5240,edm
2367,classical
5451,jazz
7630,reggae
1957,classical
6250,pop
2718,country
6629,pop
7662,reggae
4371,disco
7561,reggae
1910,classical
775,anime
5004,edm
279,anime
45,anime
781,anime
1128,anime
4375,disco
6165,pop
6481,pop
3185,country
181,anime
5533,jazz
2400,classical
2114,classical
4842,edm
7220,reggae
6422,pop
451,anime
2034,classical
4592,edm
2585,classical
2951,country
3481,country
4219,disco
5551,jazz
2093,classical
1987,classical
1308,black metal
5420,jazz
1490,black metal
2535,classical
5026,edm
7755,reggae
2927,country
569,anime
783,anime
7058,rap
4845,edm
2887,country
5334,jazz
7700,reggae
2110,classical
5373,jazz
5657,jazz
7051,rap
1532,black metal
813,anime
5361,jazz
268,anime
4589,edm
6343,pop
4041,country
2490,classical
1897,classical
4952,edm
3054,country
702,anime
487,anime
3467,country
652,anime
4759,edm
2808,country
4431,disco
585,anime
2811,country
619,anime
5781,jazz
6044,jazz
4470,disco
208,anime
6209,pop
5690,jazz
247,anime
5801,jazz
478,anime
2299,classical
3764,country
7141,rap
6789,pop
957,anime
4576,edm
4518,disco
4765,edm
6278,pop
5494,jazz
618,anime
2265,classical
3282,country
518,anime
2717,country
1860,classical
7054,rap
2090,classical
5105,edm
3372,country
2169,classical
520,anime
7527,reggae
3814,country
6089,pop
2246,classical
7003,rap
2286,classical
5046,edm
6084,jazz
5484,jazz
6069,jazz
538,anime
5775,jazz
6618,pop
7378,reggae
2583,classical
6830,pop
3809,country
3830,country
3872,country
6854,pop
2390,classical
5601,jazz
4178,disco
3959,country
792,anime
3587,country
1281,black metal
6924,rap
6683,pop
3073,country
378,anime
5952,jazz
155,anime
1110,anime
6402,pop
7230,reggae
1523,black metal
6053,jazz
3393,country
2026,classical
1527,black metal
6085,jazz
7342,reggae
1307,black metal
6956,rap
1868,classical
6538,pop
391,anime
118,anime
3948,country
1233,black metal
455,anime
1684,classical
1499,black metal
2541,classical
6840,pop
5138,edm
1153,anime
3365,country
2438,classical
6391,pop
1808,classical
3470,country
4625,edm
2256,classical
486,anime
6643,pop
5458,jazz
1258,black metal
5318,jazz
6291,pop
3364,country
5090,edm
1822,classical
1787,classical
3909,country
2184,classical
5988,jazz
3475,country
5860,jazz
5556,jazz
7502,reggae
1516,black metal
1939,classical
3958,country
3910,country
1967,classical
2659,country
4409,disco
1534,black metal
6015,jazz
883,anime
5866,jazz
1594,black metal
3939,country
970,anime
1496,black metal
4663,edm
2052,classical
7746,reggae
5300,jazz
175,anime
7238,reggae
3452,country
7203,rap
5899,jazz
4569,edm
6376,pop
3403,country
4536,disco
1248,black metal
5002,edm
468,anime
5512,jazz
3966,country
4281,disco
2389,classical
5248,edm
3209,country
5322,jazz
676,anime
1552,black metal
7779,reggae
7671,reggae
635,anime
4414,disco
999,anime
6018,jazz
2000,classical
6263,pop
622,anime
7224,reggae
1746,classical
6063,jazz
1295,black metal
5624,jazz
2425,classical
5835,jazz
1404,black metal
5920,jazz
6487,pop
64,anime
1300,black metal
2467,classical
5705,jazz
7204,rap
2750,country
3954,country
7184,rap
5927,jazz
7713,reggae
2314,classical
3012,country
6223,pop
4560,edm
7776,reggae
4124,disco
624,anime
3256,country
7060,rap
7601,reggae
2388,classical
4257,disco
943,anime
5413,jazz
1117,anime
5502,jazz
4056,country
418,anime
3114,country
365,anime
5263,edm
1575,black metal
5554,jazz
1438,black metal
2847,country
5514,jazz
1257,black metal
3494,country
191,anime
2421,classical
4499,disco
6557,pop
68,anime
2009,classical
4659,edm
4093,disco
2135,classical
6504,pop
2424,classical
789,anime
464,anime
4858,edm
824,anime
3552,country
1134,anime
4376,disco
4116,disco
6233,pop
5160,edm
6640,pop
1412,black metal
5805,jazz
353,anime
6521,pop
7562,reggae
3640,country
5955,jazz
7059,rap
1342,black metal
1991,classical
601,anime
1928,classical
5328,jazz
4874,edm
7109,rap
7465,reggae
3011,country
5935,jazz
1089,anime
7139,rap
5889,jazz
6656,pop
5774,jazz
3627,country
3046,country
1348,black metal
1647,classical
7280,reggae
2183,classical
531,anime
6365,pop
4670,edm
1119,anime
2463,classical
1769,classical
4140,disco
3536,country
4761,edm
5117,edm
1641,classical
7186,rap
6851,pop
4064,country
5280,jazz
4824,edm
3037,country
4410,disco
1736,classical
4498,disco
840,anime
1744,classical
4545,disco
228,anime
4535,disco
6429,pop
7002,rap
5573,jazz
1378,black metal
3625,country
516,anime
4648,edm
5400,jazz
3039,country
5274,jazz
1620,black metal
1369,black metal
1181,anime
6790,pop
5035,edm
3989,country
4032,country
2611,country
1566,black metal
1116,anime
2698,country
3604,country
4048,country
4463,disco
6040,jazz
2366,classical
6700,pop
3170,country
6826,pop
6195,pop
3035,country
5148,edm
2724,country
6507,pop
4959,edm
4762,edm
3471,country
7335,reggae
1081,anime
4558,edm
5794,jazz
5648,jazz
4081,disco
6031,jazz
788,anime
732,anime
927,anime
7074,rap
4660,edm
3292,country
2566,classical
4301,disco
5558,jazz
6083,jazz
1310,black metal
2586,classical
276,anime
761,anime
2248,classical
2785,country
5667,jazz
3149,country
3904,country
2851,country
895,anime
4794,edm
7701,reggae
6911,rap
4335,disco
5803,jazz
1920,classical
6199,pop
3990,country
747,anime
255,anime
5638,jazz
7327,reggae
2188,classical
1737,classical
5654,jazz
3986,country
582,anime
4300,disco
3855,country
4342,disco
4549,edm
7690,reggae
7294,reggae
6476,pop
3892,country
745,anime
6197,pop
6434,pop
654,anime
670,anime
3181,country
7558,reggae
6478,pop
1035,anime
4157,disco
5324,jazz
655,anime
2115,classical
2235,classical
5768,jazz
1311,black metal
4837,edm
5365,jazz
4130,disco
1588,black metal
6542,pop
6894,rap
1659,classical
4019,country
4636,edm
2476,classical
5864,jazz
426,anime
615,anime
6720,pop
3226,country
2837,country
6048,jazz
5161,edm
1349,black metal
3579,country
2972,country
7462,reggae
5168,edm
7667,reggae
3093,country
1623,black metal
5669,jazz
5374,jazz
4847,edm
3619,country
5880,jazz
5604,jazz
3443,country
6327,pop
74,anime
3441,country
6357,pop
227,anime
2174,classical
862,anime
1926,classical
2555,classical
1813,classical
3492,country
1384,black metal
284,anime
1242,black metal
2322,classical
7176,rap
4280,disco
3752,country
7536,reggae
7592,reggae
5783,jazz
7255,reggae
4668,edm
374,anime
3882,country
2543,classical
580,anime
5668,jazz
1856,classical
6972,rap
5560,jazz
6637,pop
4339,disco
1037,anime
2540,classical
1380,black metal
245,anime
7256,reggae
4362,disco
891,anime
4500,disco
428,anime
125,anime
7162,rap
3045,country
2278,classical
1484,black metal
784,anime
6650,pop
1887,classical
2294,classical
6558,pop
6183,pop
2051,classical
6786,pop
3661,country
7142,rap
5911,jazz
5489,jazz
787,anime
7061,rap
5965,jazz
5995,jazz
708,anime
6284,pop
7647,reggae
656,anime
2712,country
7235,reggae
1015,anime
4451,disco
4531,disco
4208,disco
3404,country
5187,edm
3915,country
5150,edm
6131,pop
2616,country
7449,reggae
1133,anime
998,anime
1691,classical
3568,country
6369,pop
4419,disco
4377,disco
6102,pop
1285,black metal
1515,black metal
4666,edm
2771,country
3460,country
2031,classical
4633,edm
2937,country
3015,country
4036,country
1653,classical
4772,edm
2002,classical
6409,pop
2479,classical
3121,country
5599,jazz
2306,classical
7361,reggae
7679,reggae
4807,edm
4708,edm
3873,country
1261,black metal
3318,country
3866,country
5071,edm
6445,pop
358,anime
3009,country
5468,jazz
5261,edm
6064,jazz
574,anime
1120,anime
3313,country
2132,classical
6537,pop
1814,classical
5075,edm
4418,disco
6728,pop
5897,jazz
4210,disco
4932,edm
6379,pop
7546,reggae
1517,black metal
3337,country
3211,country
236,anime
576,anime
7590,reggae
6292,pop
2909,country
422,anime
7773,reggae
251,anime
5621,jazz
7262,reggae
6005,jazz
2159,classical
6890,pop
1668,classical
1671,classical
5536,jazz
6751,pop
3711,country
1069,anime
2064,classical
2695,country
4687,edm
1828,classical
698,anime
2236,classical
2604,country
7792,reggae
6857,pop
2624,country
7094,rap
1453,black metal
2209,classical
6710,pop
2458,classical
6215,pop
2793,country
1103,anime
5549,jazz
6724,pop
1382,black metal
4039,country
4192,disco
501,anime
5591,jazz
454,anime
2166,classical
3861,country
5603,jazz
285,anime
2805,country
3284,country
6231,pop
481,anime
471,anime
5135,edm
1232,black metal
5151,edm
7639,reggae
2786,country
1273,black metal
4328,disco
7368,reggae
2512,classical
4539,disco
4940,edm
2181,classical
3480,country
1163,anime
154,anime
5427,jazz
4114,disco
4098,disco
5315,jazz
6846,pop
2041,classical
2382,classical
2053,classical
2062,classical
1765,classical
3398,country
6648,pop
2456,classical
3397,country
35,anime
6492,pop
1418,black metal
5360,jazz
1871,classical
3189,country
815,anime
4965,edm
3384,country
2630,country
18,anime
2564,classical
4251,disco
7104,rap
1524,black metal
3816,country
1839,classical
5726,jazz
4709,edm
4877,edm
2410,classical
6985,rap
1894,classical
7557,reggae
3252,country
2195,classical
5446,jazz
2453,classical
507,anime
4095,disco
7080,rap
948,anime
1537,black metal
1738,classical
5923,jazz
5418,jazz
320,anime
993,anime
4577,edm
1878,classical
4454,disco
7399,reggae
1055,anime
2261,classical
7056,rap
2257,classical
532,anime
3459,country
1090,anime
2961,country
1622,black metal
5473,jazz
716,anime
4786,edm
3427,country
3796,country
3856,country
7360,reggae
2175,classical
2025,classical
7448,reggae
2666,country
4428,disco
3676,country
4482,disco
4478,disco
66,anime
7486,reggae
2577,classical
7403,reggae
3319,country
4565,edm
1715,classical
4880,edm
7103,rap
3411,country
7571,reggae
5828,jazz
4795,edm
4363,disco
3563,country
2794,country
773,anime
3056,country
5264,edm
4557,edm
3112,country
625,anime
3193,country
85,anime
2660,country
7380,reggae
4148,disco
764,anime
2331,classical
3213,country
3791,country
4155,disco
1338,black metal
3148,country
1208,black metal
5773,jazz
1946,classical
2807,country
1064,anime
6079,jazz
4406,disco
6130,pop
3388,country
6730,pop
187,anime
3386,country
3692,country
7704,reggae
7149,rap
4903,edm
7505,reggae
4445,disco
596,anime
6050,jazz
6234,pop
4176,disco
5112,edm
4681,edm
5395,jazz
2928,country
6997,rap
1042,anime
2783,country
1648,classical
293,anime
6735,pop
502,anime
1234,black metal
4919,edm
1572,black metal
3539,country
3188,country
3451,country
3871,country
1371,black metal
6839,pop
820,anime
1886,classical
6647,pop
7183,rap
4154,disco
3206,country
7164,rap
4491,disco
5198,edm
1482,black metal
3321,country
827,anime
7793,reggae
2404,classical
5231,edm
4354,disco
5963,jazz
2300,classical
743,anime
3169,country
6205,pop
6059,jazz
2218,classical
5185,edm
5154,edm
7464,reggae
3476,country
441,anime
6662,pop
381,anime
6989,rap
1325,black metal
443,anime
7395,reggae
6679,pop
921,anime
6414,pop
6822,pop
6783,pop
7165,rap
6411,pop
5127,edm
3655,country
5958,jazz
3654,country
992,anime
6725,pop
1045,anime
404,anime
1965,classical
219,anime
554,anime
1761,classical
3582,country
4615,edm
4981,edm
3591,country
144,anime
7709,reggae
3133,country
649,anime
5782,jazz
1961,classical
2363,classical
4459,disco
134,anime
3079,country
350,anime
5928,jazz
887,anime
4581,edm
5055,edm
7628,reggae
6939,rap
6217,pop
6703,pop
4953,edm
5918,jazz
117,anime
1629,black metal
975,anime
3605,country
6229,pop
3224,country
3897,country
6652,pop
2222,classical
2297,classical
427,anime
5522,jazz
6925,rap
5346,jazz
4938,edm
2762,country
1541,black metal
4243,disco
3084,country
7244,reggae
380,anime
2633,country
1061,anime
6471,pop
1585,black metal
6834,pop
2580,classical
2126,classical
